t,V,theta,vX,vY,X,Y
0.0,40000.0,8.3,39581.03156275878,5774.248040038929,-15071492000.0,0.0
125.59576666666666,40001.39554688818,8.299709654283923,39582.441753843916,5774.248912383281,-14972066040.488716,14504422.190243732
251.19153333333333,40002.81000320668,8.299417954537464,39583.870793809685,5774.251564630092,-14872636515.255491,29008848.762997773
376.78729999999996,40004.24374978671,8.299124925749917,39585.319057022585,5774.256068626796,-14773203376.489403,43513284.27768037
502.38306666666665,40005.69717758111,8.29883059500966,39586.786927654655,5774.262499124201,-14673766575.427036,58017733.47775117
627.9788333333333,40007.17068799669,8.298534991623193,39588.274800000334,5774.2709339067,-14574326062.327454,72522201.29816383
753.5745999999999,40008.664693239356,8.29823814724093,39589.78307880543,5774.281453929047,-14474881786.44637,87026692.87315363
879.1703666666666,40010.17961667289,8.297940095990173,39591.31217960866,5774.294143460061,-14375433696.00947,101531213.54437716
1004.7661333333333,40011.71589319167,8.29764087461569,39592.86252909648,5774.30909023364,-14275981738.184877,116035768.869422
1130.3618999999999,40013.27396960823,8.297340522628378,39594.4345654715,5774.3263856075155,-14176525859.054678,130540364.63070501
1255.9576666666667,40014.8543050561,8.297039082462508,39596.02873883541,5774.3461247301775,-14077066003.585535,145045006.84477952
1381.5534333333333,40016.4573714088,8.296736599642045,39597.64551158683,5774.368406716452,-13977602115.598303,159549701.77207232
1507.1491999999998,40018.083653715665,8.296433122956689,39599.28535883483,5774.3933348322225,-13878134137.73663,174054455.9270728
1632.7449666666666,40019.73365065523,8.296128704648131,39600.94876882887,5774.421016688827,-13778662011.434504,188559276.08899802
1758.3407333333332,40021.40787500698,8.295823400607288,39602.636243405796,5774.4515644477115,-13679185676.88269,203064169.3129586
1883.9365,40023.10685414248,8.295517270583101,39604.34829845474,5774.485095035925,-13579705072.994036,217569142.94165173
2009.5322666666666,40024.83113053654,8.295210378403691,39606.08546440074,5774.521730373111,-13480220137.367565,232074204.61760968
2135.1280333333334,40026.58126229954,8.294902792210664,39607.848286707886,5774.561597610673,-13380730806.251358,246579362.29603323
2260.7237999999998,40028.35782373184,8.294594584707344,39609.63732640292,5774.604829383855,-13281237014.50412,261084624.25824183
2386.3195666666666,40030.16140590132,8.294285833421917,39611.453160620214,5774.6515640775015,-13181738695.55543,275589999.1257733
2511.9153333333334,40031.99261724514,8.293976620986388,39613.29638316919,5774.701946106341,-13082235781.364567,290095495.87516904
2637.5110999999997,40033.85208419691,8.293667035432389,39615.167605125054,5774.756126210666,-12982728202.377909,304601123.853482
2763.1068666666665,40035.74045184048,8.293357170504969,39617.06745544416,5774.81426176837,-12883215887.484798,319106892.7945474
2888.7026333333333,40037.65838459159,8.29304712599552,39618.99658160493,5774.876517124341,-12783698763.971846,333612812.836058
3014.2983999999997,40039.6065669088,8.292737008095106,39620.95565027574,5774.943063938297,-12684176757.47557,348118894.5374899
3139.8941666666665,40041.58570403503,8.292426929769562,39622.94534801087,5775.01408155221,-12584649791.933352,362625148.8989252
3265.4899333333333,40043.59652277132,8.292117011157812,39624.96638197595,5775.089757378565,-12485117789.532578,377131587.3808237
3391.0857,40045.63977228426,8.291807379994966,39627.01948070429,5775.1702873107615,-12385580670.657946,391638221.92479616
3516.6814666666664,40047.716224948905,8.291498172061859,39629.10539488558,5775.255876157072,-12286038353.836819,406145064.9754376
3642.2772333333332,40049.8266772288,8.29118953166286,39631.22489818841,5775.346738099672,-12186490755.682554,420652129.5032809
3767.873,40051.97195059495,8.290881612133834,39633.37878811843,5775.4430971803595,-12086937790.835735,435159429.02893597
3893.4687666666664,40054.15289248586,8.290574576382365,39635.56788691369,5775.545187814694,-11987379371.903189,449666977.6484838
4019.064533333333,40056.37037731048,8.290268597462468,39637.79304247902,5775.653255336413,-11887815409.39471,464174790.0601985
4144.6603,40058.62530749633,8.289963859186157,39640.055129361404,5775.767556574126,-11788245811.657396,478682881.5926761
4270.256066666667,40060.91861458514,8.28966055677448,39642.35504976829,5775.888360462407,-11688670484.807468,493191268.23445404
4395.851833333333,40063.25126037822,8.28935889755077,39644.69373463088,5776.015948689604,-11589089332.659483,507699966.6652102
4521.4475999999995,40065.624238134355,8.289059101679104,39647.07214471475,5776.15061638479,-11489502256.65282,522208994.2886366
4647.043366666667,40068.03857382263,8.288761402951184,39649.491271779996,5776.292672846537,-11389909155.775318,536718369.26708966
4772.639133333333,40070.495327433346,8.288466049625114,39651.95213979337,5776.442442316327,-11290309926.483921,551228110.558125
4898.2348999999995,40072.99559434953,8.288173305319786,39654.45580619501,5776.60026479966,-11190704462.622227,565738237.9530333
5023.830666666667,40075.5405067827,8.287883449968916,39657.003363222415,5776.766496938147,-11091092655.334782,580248772.1175003
5149.426433333333,40078.13123527585,8.28759678083907,39659.59593929455,5776.941512936108,-10991474392.977968,594759734.6345237
5275.022199999999,40080.76899027721,8.287313613616352,39662.23470045898,5777.125705545488,-10891849561.027346,609271148.0497284
5400.617966666667,40083.455023788585,8.287034283566848,39664.92085190521,5777.319487113169,-10792218041.981272,623783035.9192314
5526.213733333333,40086.19063109202,8.286759146776255,39667.655639547505,5777.523290695097,-10692579715.260637,638295422.8602185
5651.809499999999,40088.97715255894,8.286488581474611,39670.44035168064,5777.737571241963,-10592934457.10454,652808334.6044064
5777.405266666667,40091.815975546124,8.286222989452522,39673.27632071215,5777.962806861569,-10493282140.461695,667321798.054576
5903.001033333333,40094.708536382954,8.285962797575799,39676.16492497494,5778.199500163389,-10393622634.877407,681835841.3443768
6028.596799999999,40097.65632245484,8.285708459405944,39679.10759062412,5778.448179691296,-10293955806.375883,696350493.9016148
6154.192566666667,40100.66087438775,8.285460456934599,39682.105793622344,5778.709401450879,-10194281517.337664,710865786.515254
6279.788333333333,40103.72378833936,8.285219302440721,39685.16106181794,5778.983750538298,-10094599626.371971,725381751.4063785
6405.3841,40106.84671840209,8.284985540479958,39688.27497712033,5779.271842878184,-9994909988.183699,739898422.3033766
6530.979866666667,40110.03137912422,8.284759750016507,39691.449177777606,5779.57432707869,-9895212453.434816,754415834.521633
6656.575633333333,40113.27954815513,8.284542546708643,39694.68536076113,5779.891886412478,-9795506868.59994,768934025.0480338
6782.1714,40116.593069021095,8.284334585359984,39697.98528426236,5780.225240933114,-9695793075.815742,783453032.6306099
6907.7671666666665,40119.97385403857,8.284136562549639,39701.3507703073,5780.57514973715,-9596070912.723982,797972897.8736743
7033.362933333333,40123.42388737207,8.283949219455494,39704.7837074941,5780.942413383012,-9496340212.307783,812493663.3388306
7158.9587,40126.94522824405,8.283773344886129,39708.28605385969,5781.327876478729,-9396600802.720907,827015373.6522619
7284.5544666666665,40130.54001430479,8.283609778538192,39711.85983988136,5781.732430451564,-9296852507.10963,841538075.6187392
7410.150233333333,40134.21046517027,8.283459414497539,39715.50717161956,5782.157016513671,-9197095143.42694,856061818.3428255
7535.746,40137.95888613682,8.283323205003997,39719.23023400822,5782.602628839138,-9097328524.238628,870586653.3577825
7661.341766666666,40141.78767208117,8.28320216450146,39723.031294299195,5783.070317969042,-8997552456.520937,885112634.7627349
7786.937533333333,40145.699311555414,8.283097373996833,39726.91270566752,5783.56119446257,-8897766741.449368,899639819.3686851
7912.5333,40149.69639108638,8.283009985753463,39730.87691098426,5784.07643281381,-8797971174.178213,914168266.8540193
8038.129066666666,40153.7815996893,8.28294122834708,39734.926446763864,5784.617275655503,-8698165543.610405,928698039.930199
8163.724833333333,40157.957733606134,8.282892412114588,39739.063947292976,5785.18503827286,-8598349632.157217,943229204.5183871
8289.3206,40162.227701279066,8.282864935028947,39743.292148947636,5785.781113452577,-8498523215.487368,957761829.9378153
8414.916366666666,40166.594528569876,8.282860289036318,39747.61389470571,5786.406976694362,-8398686062.265041,972295989.1067709
8540.512133333334,40171.06136423636,8.282880066894897,39752.03213886128,5787.064191814631,-8298837933.87632,986831758.7571464
8666.107899999999,40175.6314856767,8.282925969558505,39756.549951947374,5787.7544169746825,-8198978584.143512,1001369219.6635777
8791.703666666666,40180.30830495323,8.282999814151864,39761.17052587326,5788.479411168437,-8099107759.026861,1015908456.8882791
8917.299433333334,40185.09537510663,8.28310354258885,39765.897179281776,5789.241041207937,-7999225196.313067,1030449560.0427742
9042.895199999999,40189.99639677155,8.283239230889604,39770.733363131636,5790.041289248152,-7899330625.290072,1044992623.5678247
9168.490966666666,40195.01522510443,8.283409099257659,39775.68266650886,5790.88226089629,-7799423766.407544,1059537747.0329652
9294.086733333334,40200.15587703376,8.283615522983697,39780.74882267017,5791.766193954797,-7699504330.922464,1074085035.4571714
9419.682499999999,40205.42253884231,8.2838610442488,39785.935715320076,5792.695467851543,-7599572020.52925,1088634599.6523185
9545.278266666666,40210.81957408993,8.284148384906683,39791.24738512151,5793.672613815417,-7499626526.97381,1103186556.591225
9670.874033333334,40216.35153188417,8.284480460331729,39796.688036437816,5794.7003258606355,-7399667531.650956,1117741029.8022313
9796.469799999999,40222.023155504496,8.284860394427636,39802.26204430148,5795.781472648629,-7299694705.1845875,1132298149.792427
9922.065566666666,40227.839391383684,8.285291535900077,39807.97396160187,5796.919110302347,-7199707706.990092,1146858054.501822
10047.661333333333,40233.80539844735,8.285777475906343,39813.82852648052,5798.116496254331,-7099706184.818424,1161420889.7909498
10173.257099999999,40239.92655780918,8.28632206720506,39819.83066991824,5799.377104216878,-6999689774.281352,1175986809.9646103
10298.852866666666,40246.208482815935,8.28692944494032,39825.98552349299,5800.704640370186,-6899658098.357415,1190555978.3346794
10424.448633333333,40252.657029430695,8.287604049206486,39832.29842728123,5802.103060872427,-6799610766.878204,1205128567.825178
10550.044399999999,40259.278306937435,8.288350649553038,39838.77493786813,5803.576590804396,-6699547375.994621,1219704761.623051
10675.640166666666,40266.078688942755,8.289174371602757,39845.42083642323,5805.129744670611,-6599467507.622911,1234284753.8784099
10801.235933333333,40273.06482464175,8.290080725971608,39852.24213678777,5806.767348588536,-6499370728.870359,1248868750.458306
10926.831699999999,40280.24365030494,8.2910756396947,39859.24509350793,5808.49456430798,-6399256591.440691,1263456969.7584476
11052.427466666666,40287.622400931,8.29216549037984,39866.436209733874,5810.316915213581,-6299124631.019411,1278049643.5776432
11178.023233333333,40295.20862199498,8.29335714332821,39873.82224488762,5812.240314474583,-6198974366.63952,1292647018.0601497
11303.618999999999,40303.01018120489,8.294657991880692,39881.41022198352,5814.271095517757,-6098805300.02833,1307249354.7115366
11429.214766666666,40311.035280158685,8.296076001268135,39889.20743446196,5816.416045011125,-5998616914.936406,1321856931.4941254
11554.810533333333,40319.29246576965,8.29761975626409,39897.22145237042,5818.682438557979,-5898408676.450052,1336470044.0085557
11680.406299999999,40327.79064129958,8.299298512959298,39905.46012769482,5821.0780793121885,-5798180030.289197,1351089006.7685475
11806.002066666666,40336.53907680594,8.301122254997596,39913.93159860831,5823.61133973665,-5697930402.093096,1365714154.5764651
11931.597833333333,40345.54741876958,8.30310175463297,39922.64429236232,5826.291206736525,-5597659196.696874,1380345844.0078642
12057.193599999999,40354.82569862434,8.305248638985981,39931.6069264969,5829.127330406887,-5497365797.402701,1394984455.0137982
12182.789366666666,40364.38433985571,8.307575461894293,39940.82850799092,5832.130076639963,-5397049565.25026,1409630392.6502671
12308.385133333333,40374.23416327418,8.310095781764982,39950.318329908594,5835.310583839168,-5296709838.292183,1424284088.944811
12433.9809,40384.386389996376,8.31282424584447,39960.08596502466,5838.680823984485,-5196345930.88137,1438946004.9108827
12559.576666666666,40394.85264158353,8.315776681323404,39970.141255825714,5842.253668284765,-5095957132.978456,1453616632.721223
12685.172433333333,40405.64493669093,8.318970193685802,39980.49430018866,5846.042957635467,-4995542709.489354,1468296498.0520577
12810.7682,40416.77568347095,8.322423272692038,39991.15543192665,5850.0635780726625,-4895101899.644676,1482986162.6104429
12936.363966666666,40428.2576668459,8.326155906349367,40002.13519526887,5854.3315413730925,-4794633916.435008,1497686226.8575287
13061.959733333333,40440.10402962243,8.330189703167504,40013.44431219955,5858.864070892038,-4694137946.118539,1512397332.940827
13187.5555,40452.32824625609,8.334548022914666,40025.09364142493,5863.679692651515,-4593613147.820421,1527120167.848708
13313.151266666666,40464.944087890195,8.339256115974523,40037.094127561955,5868.798331585741,-4493058653.246543,1541855466.8002803
13438.747033333333,40477.96557708746,8.344341271248824,40049.45673895025,5874.241412712798,-4392473566.538155,1556604016.8834107
13564.3428,40491.40693044478,8.34983297234404,40062.19239227931,5880.031966823749,-4291856964.2980638,1571366660.9528704
13689.938566666666,40505.282487031116,8.355763061511972,40075.3118619973,5886.194740054738,-4191207895.8239217,1586144301.7993202
13815.534333333333,40519.606620318096,8.362165910470328,40088.82567222973,5892.756306424059,-4090525383.5895314,1600937906.5979295
13941.1301,40534.39363098408,8.369078596794315,40102.74396868968,5899.745182063867,-3989808424.0211196,1615748511.642727
14066.725866666666,40549.65761767276,8.376541084026945,40117.076367814625,5907.191939442642,-3889055988.622146,1630577227.369101
14192.321633333333,40565.41232248313,8.384596402984302,40131.831780127766,5915.12931934652,-3788267025.507484,1645425243.6619852
14317.9174,40581.670947672894,8.393290830911697,40147.01820461064,5923.592337750786,-3687440461.4156327,1660293835.4409332
14443.513166666666,40598.44593978972,8.402674064155267,40162.64249070781,5932.61838395323,-3586575204.275936,1675184368.5052092
14569.108933333333,40615.748737227346,8.41279937882994,40178.71006449203,5942.247305445279,-3485670146.416445,1690098305.611868
14694.7047,40633.58947707054,8.423723772569076,40195.22461553377,5952.521473954207,-3384724168.506832,1705037212.7472227
14820.300466666666,40651.976657084866,8.435508078819035,40212.187741187794,5963.485825894046,-3283736144.339371,1720002765.536711
14945.896233333333,40670.91674887798,8.448217043287595,40229.59854538615,5975.187869115739,-3182704946.5588956,1734996755.7195814
15071.492,40690.41375867494,8.461919350075894,40247.4531896793,5987.677646361503,-3081629453.459371,1750021097.5926695
15197.087766666666,40710.4687328896,8.476687582747802,40265.74439527259,6001.007644234123,-2980508556.9693527,1765077834.3014867
15322.683533333333,40731.07920683001,8.492598103174647,40284.46089625376,6015.23263484141,-2879341171.950239,1780169143.826674
15448.2793,40752.23859655268,8.509730828532584,40303.58684619469,6030.409435651965,-2778126246.9286194,1795297344.4795372
15573.875066666666,40773.93553618841,8.528168884469524,40323.10118293611,6046.5965716214905,-2676862776.375663,1810464899.6820583
15699.470833333333,40796.153166111486,8.54799811040601,40342.97695971811,6063.853822486308,-2575549814.6306815,1825674421.7650106
15825.0666,40818.8683812125,8.569306391469953,40363.18065497186,6082.241637493116,-2474186491.540804,1840928674.4736488
15950.662366666666,40842.05105332745,8.592182791050382,40383.67147806787,6101.820400019488,-2372772029.8520274,1856230573.8255255
16076.258133333333,40865.66324758292,8.61671645883538,40404.40069408502,6122.649525872851,-2271305764.336695,1871583186.9217591
16201.8539,40889.65845896389,8.642995291992882,40425.31099708845,6144.786381917365,-2169787162.5767956,1886989728.2748578
16327.449666666666,40913.980902597476,8.671104332427323,40446.33596821446,6168.285016471948,-2068215847.2399852,1902453553.1873512
16453.045433333333,40938.5648987143,8.701123891369242,40467.399661625146,6193.194700035154,-1966591619.5853767,1917978147.70135
16578.6412,40963.33440044533,8.733127404422452,40488.416367484286,6219.558284632321,-1864914483.8196566,1933567114.6460252
16704.236966666667,40988.20271876458,8.767179035920906,40509.290605687944,6247.410402595824,-1763184671.7936406,1949224155.3448064
16829.832733333333,41013.07250301302,8.803331071037476,40529.91740613613,6276.775540768243,-1661402667.3898895,1964953046.6138384
16955.428499999998,41037.83603638064,8.841621157082619,40550.1829297083,6307.666043478753,-1559569229.8112268,1980757612.7943013
17081.024266666667,41062.37590224778,8.882069480767107,40569.965477644306,6340.080116232646,-1457685414.8486779,1996641692.718159
17206.620033333333,41086.56606823958,8.924675994101495,40589.136924733095,6373.999920386306,-1355752593.0990295,2012609101.7113543
17332.215799999998,41110.273419367295,8.969417825546314,40607.56459296455,6409.389865139189,-1253772464.0326715,2028663588.9875267
17457.811566666667,41133.35974940725,9.016247031856869,40625.11355713841,6446.195214525077,-1151747064.7982469,2044808791.0704632
17583.407333333333,41155.68419120321,9.065088856264,40641.64934327161,6484.341131109947,-1049678772.7075039,2061048182.1895778
17709.003099999998,41177.10603338553,9.115840656764245,40657.04094647106,6523.732272376763,-947570300.4836057,2077385022.8980615
17834.598866666667,41197.4878356859,9.168371651617782,40671.16406027208,6564.253038535302,-845424683.5847002,2093822308.4406674
17960.194633333333,41216.69872116169,9.222523596288898,40683.904378167754,6605.768541139958,-743245259.2285796,2110362718.616815
18085.790399999998,41234.617695415356,9.278112457595103,40695.160804468476,6648.126321416699,-641035637.1299268,2127008571.014548
18211.386166666667,41251.136824518246,9.334931089667206,40704.84839979266,6691.158798371354,-538799662.3941597,2143761779.506222
18336.981933333333,41266.164098346446,9.392752847679093,40712.900889460514,6734.686374035711,-436541371.45703095,2160623819.7813425
18462.577699999998,41279.625816505424,9.45133600619946,40719.27258220069,6778.521072264993,-334264942.3767274,2177595703.442485
18588.173466666667,41291.46836007409,9.510428787314062,40723.93958106357,6822.470544376405,-231974641.13421196,2194677961.8188334
18713.769233333333,41301.65925193945,9.569774756828865,40726.900215179514,6866.342245047666,-129674765.84189975,2211870640.1857524
18839.364999999998,41310.18745741966,9.629118320660496,40728.17467502171,6909.947569126177,-27369590.874919847,2229173302.5573325
18964.960766666667,41317.0629296917,9.688210050996993,40727.80388902191,6953.10574588623,74936687.08783102,2246585046.6885877
19090.556533333332,41322.31545527662,9.746811592770676,40725.847729524234,6995.647310792534,177239999.28873435,2264104528.432092
19216.152299999998,41325.99289802381,9.804699942095294,40722.382675845976,7037.417012617203,279536449.83741194,2281729994.1817317
19341.748066666667,41328.158971568664,9.861670943816263,40717.49908806767,7078.276060769301,381822354.1953848,2299459319.8342004
19467.343833333332,41328.89068789914,9.917541918106481,40711.298255667774,7118.103668139331,484094270.4260183,2317290054.522957
19592.939599999998,41328.27563326097,9.972153388903706,40703.88938094931,7156.79789306884,586349022.8520218,2335219467.330711
19718.535366666667,41326.40921373385,10.025369943698532,40695.38664080849,7194.275825688932,688583718.1506392,2353244595.253291
19844.131133333332,41323.391994255464,10.077080300234172,40685.906445297056,7230.473195817245,790795754.2499725,2371362290.848265
19969.726899999998,41319.327230109615,10.127196688600467,40675.5649815503,7265.34350052061,892982822.6516536,2389569268.228949
20095.322666666667,41314.3186624034,10.175653676487572,40664.47610067874,7298.8567595166505,995142904.9882777,2407862146.330048
20220.918433333332,41308.46862185911,10.222406572096267,40652.74957616662,7330.998007134019,1097274264.7301772,2426237488.649016
20346.514199999998,41301.876460631574,10.267429535542405,40640.48973729214,7361.765622615608,1199375434.9933438,2444691838.9355597
20472.109966666667,41294.63731129171,10.310713518236069,40627.794461255624,7391.169588440817,1301445203.3807375,2463221752.5447245
20597.705733333332,41286.84115627051,10.352264133422358,40614.754493418826,7419.229751290061,1403482594.7268302,2481823823.376503
20723.301499999998,41278.57217997622,10.392099542332119,40601.45305603704,7445.974144188713,1505486852.523913,2500494706.492301
20848.897266666667,41269.90836906478,10.430248421230655,40587.96570140931,7471.437412722175,1607457419.7009761,2519231136.625285
20974.493033333332,41260.9213232756,10.466748056552223,40574.360364572894,7495.659374018784,1709393919.3122678,2538029942.890415
21100.088799999998,41251.67623904198,10.501642599222649,40560.69757257105,7518.683725039212,1811296135.5809019,2556888060.0553684
21225.684566666667,41242.23202995211,10.534981495704118,40547.030771034995,7540.556906830485,1913163995.6387424,2575802536.7612348
21351.280333333332,41232.64155135701,10.566818102394441,40533.40673357989,7561.327123784073,2014997552.2107046,2594770541.087648
21476.876099999998,41222.95190039888,10.597208481677523,40519.86602471572,7581.043511396631,2116796967.4113743,2613789363.8463993
21602.471866666667,41213.20476700531,10.62621037189586,40506.443492171784,7599.755442289108,2218562497.754896,2632856419.9655366
21728.067633333332,41203.43681562444,10.653882319461593,40493.168769426156,7617.511957977201,2320294480.4249473,2651969248.2965384
21853.663399999998,41193.6800814413,10.680282958877067,40480.06677363513,7634.361312786722,2421993320.809248,2671125510.1437225
21979.259166666667,41183.96236837994,10.70547042524752,40467.15818798213,7650.3506160806255,2523659481.27105,2690322986.7801294
22104.854933333332,41174.307639298466,10.72950188362144,40454.459920686175,7665.525559359108,2625293471.106884,2709559576.17954
22230.450699999998,41164.73639140712,10.752433159918064,40441.98553554836,7679.93021560318,2726895837.6240306,2728833289.161355
22356.046466666667,41155.26601210333,10.774318459074442,40429.74565101984,7693.606899291774,2828467158.2612615,2748142245.1145477
22481.642233333332,41145.91111216092,10.79521015719261,40417.74830640998,7706.596076708602,2930008033.6711574,2767484667.4392953
22607.237999999998,41136.68383458145,10.815158655757653,40405.99929508727,7718.936317376996,3031519081.680619,2786858878.8203297
22732.833766666667,41127.59413846874,10.834212287332896,40394.50246542613,7730.664278656157,3133000932.0471287,2806263296.4245815
22858.429533333332,41118.65005807301,10.852417263451636,40383.25999088215,7741.814716659429,3234454221.931169,2825696427.0971475
22984.025299999998,41109.857937718785,10.869817656670564,40372.27261099276,7752.4205176902105,3335879592.0092955,2845156862.6137867
23109.621066666667,41101.22264372252,10.886455409901139,40361.539845347426,7762.512745321637,3437277683.157301,2864643275.0348153
23235.216833333332,41092.74775465988,10.902370367177673,40351.06018269174,7772.120699068808,3538649133.638241,2884154412.194124
23360.812599999997,41084.435731489946,10.917600320949283,40340.83124735607,7781.271981319487,3639994576.73562,2903689093.347832
23486.408366666667,41076.288069110175,10.93218107179911,40330.8499451583,7789.99256980695,3741314638.777533,2923246204.9995513
23612.004133333332,41068.3054309233,10.946146497203374,40321.11259084258,7798.306893435279,3842609937.502838,2942824696.913134
23737.599899999997,41060.48776796218,10.95952862655319,40311.615018998484,7806.237909712198,3943881080.7255273,2962423578.3188696
23863.195666666667,41052.83442405371,10.972357720182929,40302.35268026889,7813.807182417072,4045128665.2581434,2982041914.315242
23988.791433333332,41045.344228419825,10.984662350589693,40293.32072451113,7821.034958441132,4146353276.059478,3001678822.465317
24114.387199999997,41038.01557701844,10.996469484399277,40284.51407242926,7827.940242992243,4247555485.575778,3021333469.584531
24239.982966666666,41030.84650382729,11.007804563943498,40275.92747705185,7834.540872565261,4348735853.248313,3041005068.7148957
24365.578733333332,41023.834743172214,11.018691587570565,40267.555576292405,7840.85358524863,4449894925.163434,3060692876.279378
24491.1745,41016.97778410223,11.029153188022086,40259.39293769939,7846.8940880743585,4551033233.824195,3080396189.4093113
24616.770266666666,41010.27291771796,11.039210708383685,40251.43409638295,7852.677121227572,4652151298.025231,3100114343.437131
24742.366033333332,41003.71727827018,11.048884275257421,40243.673586994344,7858.216519017933,4753249622.814916,3119846709.5463657
24867.9618,40997.30787876091,11.05819286891829,40236.10597053351,7863.52526758257,4854328699.530896,3139592692.5706797
24993.557566666666,40991.041641701784,11.067154390308431,40228.725856668774,7868.615559341978,4955389005.896932,3159351728.933755
25119.153333333332,40984.9154256134,11.0757857247953,40221.527922170826,7873.498844269658,5056431006.170555,3179123284.7219124
25244.7491,40978.92604778466,11.084102802677057,40214.50692598949,7878.185878065316,5157455151.332522,3198906853.8815618
25370.344866666666,40973.07030375239,11.092120656462638,40207.65772143663,7882.686767342311,5258461879.31022,3218701956.5338373
25495.94063333333,40967.34498390894,11.099853474987782,40200.9752658803,7887.011011954349,5359451615.2283125,3238508137.3990636
25621.5364,40961.74688759812,11.107314654453383,40194.45462830385,7891.167544595506,5460424771.680858,3258324964.324031
25747.132166666666,40956.27283501776,11.11451684649094,40188.0909950386,7895.164767812714,5561381749.019927,3278152026.905407
25872.72793333333,40950.91967720897,11.121472003372476,40181.87967393828,7899.010588571619,5662322935.656523,3297988935.202955
25998.3237,40945.68430437936,11.128191420490696,40175.81609722888,7902.712450516181,5763248708.370169,3317835318.536598
26123.919466666666,40940.5636527772,11.134685776239756,40169.895823236286,7906.277364059874,5864159432.624142,3337690824.3617067
26249.51523333333,40935.554710307355,11.140965169429059,40164.114537167414,7909.711934442601,5965055462.883749,3357555117.2173347
26375.111,40930.65452105668,11.147039154362249,40158.46805109685,7913.022387882596,6065937142.935476,3377427877.742459
26500.706766666666,40925.860188875646,11.152916773711778,40152.95230329034,7916.2145959472045,6166804806.205202,3397308801.755599
26626.30253333333,40921.168880145095,11.15860658931623,40147.563356978615,7919.294098260487,6267658776.07395,3417197599.393492
26751.8983,40916.577825840905,11.164116711023695,40142.297398679264,7922.266123659557,6368499366.189934,3437093994.304792
26877.494066666666,40912.0843229953,11.169454823699711,40137.150736150776,7925.135609905295,6469326880.7758875,3456997722.8950276
27003.08983333333,40907.68573564102,11.174628212513339,40132.11979605094,7927.9072220469525,6570141614.93083,3476908533.619326
27128.6856,40903.379495313915,11.179643786609477,40127.20112136154,7930.585369534072,6670943854.925628,3496826186.319635
27254.281366666666,40899.163101179634,11.1845081012701,40122.391368632285,7933.17422216323,6771733878.491827,3516750451.6034093
27379.87713333333,40895.03411984194,11.189227378661565,40117.687305089064,7935.677724941461,6872511955.103365,3536681110.2609477
27505.4729,40890.99018488259,11.193807527259745,40113.08580564501,7938.099611942734,6973278346.250877,3556617952.7187533
27631.068666666666,40887.02899617645,11.198254160039259,40108.583849846924,7940.443419228702,7074033305.708395,3576560778.52648
27756.66443333333,40883.14831901954,11.202572611508055,40104.17851878453,7942.712496900013,7174777079.792309,3596509395.875206
27882.2602,40879.3459831031,11.206767953663437,40099.866991985786,7944.910020339855,7275509907.612539,3616463621.1449227
28007.855966666666,40875.61988136204,11.21084501094096,40095.64654431752,7947.039000707038,7376232021.315902,3636423278.479296
28133.45173333333,40871.96796872252,11.21480837422294,40091.514542907564,7949.102294731853,7476943646.321709,3656388199.3858705
28259.0475,40868.388260770036,11.218662413969051,40087.4684441017,7951.102613864088,7577645001.549673,3676358222.36004
28384.643266666666,40864.87883235641,11.222411292527365,40083.50579046625,7953.042532819054,7678336299.640219,3696333192.531214
28510.23903333333,40861.437816161524,11.22605897568026,40079.624207845176,7954.924497564123,7779017747.167328,3716312961.329721
28635.8348,40858.063401223466,11.229609243476046,40075.82140247869,7956.750832785193,7879689544.844067,3736297386.173095
28761.430566666666,40854.753831448696,11.233065700393649,40072.09515818895,7958.523748869606,7980351887.720957,3756286330.170493
28887.02633333333,40851.507404112184,11.236431784884577,40068.44333363703,7960.2453484394,8081004965.377361,3776279661.8440614
29012.6221,40848.32246835605,11.23971077833324,40064.863859654186,7961.917632466265,8181648962.106077,3796277254.8661737
29138.217866666666,40845.19742369372,11.24290581347409,40061.35473664976,7963.5425059972895,8282284057.091316,3816278987.8115196
29263.81363333333,40842.13071852583,11.246019882301137,40057.91403209696,7965.121783518469,8382910424.580271,3836284743.923106
29389.4094,40839.1208486727,11.249055843503267,40054.53987809727,7966.657193980944,8483528234.048463,3856294410.891294
29515.005166666666,40836.166355927686,11.252016429456194,40051.230469023634,7968.15038551314,8584137650.359079,3876307880.645048
29640.60093333333,40833.265826634866,11.254904252800033,40047.98405924208,7969.602929840276,8684738833.91648,3896325049.1546464
29766.1967,40830.41789029369,11.257721812629212,40044.79896091105,7971.016326431153,8785331940.814077,3916345816.245136
29891.792466666666,40827.621218193046,11.260471500319893,40041.673541857424,7972.392006390678,8885917122.976805,3936370085.419872
30017.38823333333,40824.874522076316,11.263155605018088,40038.60622352793,7973.7313361152665,8986494528.298315,3956397763.6935296
30142.984,40822.176552838835,11.265776318810248,40035.595479014424,7975.035620727001,9087064300.773155,3976428761.434009
30268.579766666666,40819.52609925867,11.268335741596541,40032.63983115138,7976.306107301297,9187626580.62405,3996462992.212697
30394.17553333333,40816.92198676145,11.270835885685642,40029.73785068374,7977.543987901773,9288181504.424515,4016500372.6625896
30519.7713,40814.363076219604,11.27327868012864,40026.88815450336,7978.750402435032,9388729205.216942,4036540822.3438
30645.367066666666,40811.84826278615,11.27566597480841,40024.08940395183,7979.926441337163,9489269812.626347,4056584263.6160216
30770.96283333333,40809.3764747631,11.277999544299721,40021.34030318797,7981.073148102943,9589803452.969925,4076630621.517534
30896.5586,40806.946672504186,11.280281091514356,40018.63959761767,7982.191521667932,9690330249.362606,4096679823.650371
31022.154366666666,40804.557847351796,11.282512251144464,40015.986072384236,7983.28251865294,9790850321.818718,4116731800.071296
31147.75013333333,40802.20902060738,11.284694592916635,40013.37855091703,7984.3470554797,9891363787.349957,4136786483.188244
31273.3459,40799.89924253515,11.286829624668162,40010.81589353649,7985.386010365939,9991870760.059757,4156843807.661925
31398.941666666666,40797.6275913982,11.288918795256386,40008.296996113466,7986.400225207487,10092371351.234259,4176903710.312291
31524.53743333333,40795.39317252656,11.290963497311177,40005.82078878084,7987.390507354548,10192865669.42994,4196966130.029596
31650.1332,40793.19511741636,11.292965069839969,40003.386234695594,7988.3576312887435,10293353820.558105,4217031007.6897817
31775.728966666666,40791.03258285947,11.294924800694174,40000.99232884935,7989.3023402071,10393835907.966312,4237098286.073965
31901.32473333333,40788.90475010275,11.296843928905226,39998.63809692555,7990.2253475187545,10494312032.516874,4257167909.7917857
32026.9205,40786.810824036125,11.298723646897919,39996.32259420144,7991.127338259709,10594782292.662548,4277239825.2084074
32152.516266666666,40784.750032408716,11.300565102588298,39994.044904493196,7992.008970430676,10695246784.519518,4297313980.374973
32278.11203333333,40782.721625072205,11.30236940137278,39991.80413914237,7992.87087626265,10795705601.937786,4317390324.962332
32403.7078,40780.7248732506,11.304137608014878,39989.5994360421,7993.713663414598,10896158836.569069,4337468810.197848
32529.303566666666,40778.75906883549,11.305870748435412,39987.42995870146,7994.5379161073115,10996606577.93229,4357549388.805147
32654.89933333333,40776.8235237062,11.30756981141173,39985.2948953464,7995.344196197243,11097048913.476778,4377632014.946619
32780.4951,40774.91756907386,11.309235750191148,39983.19345805584,7996.133044193879,11197485928.643242,4397716644.168559
32906.090866666666,40773.04055484859,11.310869484023474,39981.124881931435,7996.904980223967,11297917706.922625,4417803233.348787
33031.68663333333,40771.19184902916,11.31247189961716,39979.08842429969,7997.660504945712,11398344329.912918,4437891740.646628
33157.2824,40769.370837114264,11.314043852523362,39977.083363945036,7998.400100415854,11498765877.373999,4457982125.455123
33282.87816666667,40767.576921534644,11.31558616845194,39975.109000372664,7999.124230912338,11599182427.280594,4478074348.355367
33408.473933333335,40765.8095211054,11.317099644523141,39973.16465309985,7999.83334371515,11699594055.873415,4498168371.072856
33534.0697,40764.068070497735,11.318585050458523,39971.249660974616,8000.527869847674,11800000837.708555,4518264156.435745
33659.665466666665,40762.35201972945,11.320043129714431,39969.36338152061,8001.208224780848,11900402845.70521,4538361668.334918
33785.26123333333,40760.66083367356,11.321474600561148,39967.50519030711,8001.87480910218,12000800151.191782,4558460871.685785
33910.856999999996,40758.99399158424,11.32288015711067,39965.674480343056,8002.528009151629,12101192823.950434,4578561732.391714
34036.45276666667,40757.350986639685,11.324260470295851,39963.87066149429,8003.1681976261625,12201580932.260145,4598664217.309021
34162.048533333334,40755.73132550103,11.325616188803515,39962.09315992284,8003.795734154755,12301964542.938347,4618768294.21344
34287.6443,40754.13452788696,11.326947939963983,39960.3414175475,8004.41096584543,12402343721.381155,4638873931.768003
34413.240066666665,40752.560126163284,11.328256330599318,39958.614891524696,8005.01422780589,12502718531.602291,4658981099.492258
34538.83583333333,40751.00766494694,11.329541947832453,39956.91305374897,8005.605843639168,12603089036.27072,4679089767.7327585
34664.431599999996,40749.47670072399,11.330805359859214,39955.2353903721,8006.18612591564,12703455296.747047,4699199907.634779
34790.02736666667,40747.966801480965,11.332047116685223,39953.58140134021,8006.7553766226865,12803817373.118755,4719311491.115175
34915.623133333334,40746.47754634914,11.333267750829403,39951.95059994808,8007.313887593173,12904175324.234264,4739424490.836354
35041.2189,40745.00852526121,11.334467777995899,39950.342512409974,8007.861940913895,13004529207.735928,4759538880.181292
35166.814666666665,40743.55933861999,11.335647697715915,39948.75667744631,8008.399809315036,13104879080.091948,4779654633.22955
35292.41043333333,40742.12959697853,11.336807993961088,39947.19264588553,8008.927756541629,13205224996.627289,4799771724.734257
35418.006199999996,40740.7189207314,11.337949135729756,39945.64998028053,8009.446037707965,13305567011.553589,4819890130.099983
35543.60196666667,40739.32693981661,11.339071577607516,39944.12825453908,8009.9548996358335,13405905177.998154,4840009825.361506
35669.197733333334,40737.95329342782,11.340175760303342,39942.62705356772,8010.454581177425,13506239548.03201,4860130787.163391
35794.7935,40736.5976297364,11.341262111162477,39941.14597292845,8010.945313523681,13606570172.697098,4880252992.740367
35920.389266666665,40735.25960562307,11.342331044657218,39939.68461850784,8011.427320498832,13706897102.032618,4900376419.898461
36045.98503333333,40733.93888641863,11.343382962856701,39938.24260619801,8011.900818841827,13807220385.100552,4920501046.99686
36171.580799999996,40732.635145653585,11.344418255876704,39936.81956158898,8012.3660184753035,13907540070.010408,4940626852.93045
36297.17656666667,40731.34806481622,11.345437302310398,39935.415119672,8012.823122762737,14007856203.943195,4960753817.113034
36422.772333333334,40730.07733311885,11.346440469641015,39934.02892455333,8013.2723287543395,14108168833.174679,4980881919.461163
36548.3681,40728.822647272,11.347428114637271,39932.660629178186,8013.713827422283,14208478003.09792,5001011140.378582
36673.963866666665,40727.583711266096,11.34840058373233,39931.30989506431,8014.147803885752,14308783758.245136,5021141460.741257
36799.55963333333,40726.36023616052,11.349358213387154,39929.976392044904,8014.574437626339,14409086142.308914,5041272861.882942
36925.155399999996,40725.15193987966,11.35030133043891,39928.65979802049,8014.993902694245,14509385198.16277,5061405325.581287
37050.75116666667,40723.95854701571,11.351230252435192,39927.35979871936,8015.406367905729,14609680967.881111,5081538834.044444
37176.346933333334,40722.779788638145,11.35214528795463,39926.07608746632,8015.8119970322305,14709973492.75861,5101673369.898167
37301.9427,40721.615402109244,11.353046736914614,39924.80836495936,8016.210948981557,14810262813.32899,5121808916.173368
37427.538466666665,40720.465130905875,11.353934890866652,39923.556339053976,8016.603377971519,14910548969.383282,5141945456.294128
37553.13423333333,40719.32872444702,11.354810033279964,39922.31972455479,8016.989433696368,15010831999.987524,5162082974.066125
